{
  "mae": 7.611465310421816,
  "rmse": 9.808541697385518,
  "mape": 3.321145048214907,
  "directional_accuracy": 50.56603773584906,
  "r2": 0.8847897899862117
}